World Region,Year_Month,Num_Of_Flights
AFRICA,2019-10,41978.0
ASIA,2019-10,936668.0
CARIBBEAN,2019-10,155162.0
CENTRAL AMERICA,2019-10,116703.0
EASTERN EUROPE,2019-10,103422.0
WESTERN EUROPE,2019-10,1449933.0
MIDDLE EAST,2019-10,102760.0
OCEANIA,2019-10,137552.0
SOUTH AMERICA,2019-10,468348.0
AFRICA,2019-11,36203.0
ASIA,2019-11,834395.0
CARIBBEAN,2019-11,167440.0
CENTRAL AMERICA,2019-11,134405.0
EASTERN EUROPE,2019-11,85529.0
WESTERN EUROPE,2019-11,1029304.0
MIDDLE EAST,2019-11,80390.0
OCEANIA,2019-11,103828.0
SOUTH AMERICA,2019-11,431914.0
AFRICA,2019-12,56212.0
ASIA,2019-12,1005509.0
CARIBBEAN,2019-12,217088.0
CENTRAL AMERICA,2019-12,175063.0
EASTERN EUROPE,2019-12,103025.0
WESTERN EUROPE,2019-12,1146094.0
MIDDLE EAST,2019-12,89659.0
OCEANIA,2019-12,145650.0
SOUTH AMERICA,2019-12,549276.0
AFRICA,2020-01,35599.0
ASIA,2020-01,1094137.0
CARIBBEAN,2020-01,100572.0
CENTRAL AMERICA,2020-01,100858.0
EASTERN EUROPE,2020-01,86020.0
WESTERN EUROPE,2020-01,784718.0
MIDDLE EAST,2020-01,96082.0
OCEANIA,2020-01,121999.0
SOUTH AMERICA,2020-01,434932.0
AFRICA,2020-02,27236.0
ASIA,2020-02,625227.0
CARIBBEAN,2020-02,108282.0
CENTRAL AMERICA,2020-02,86395.0
EASTERN EUROPE,2020-02,76247.0
WESTERN EUROPE,2020-02,958806.0
MIDDLE EAST,2020-02,62576.0
OCEANIA,2020-02,78820.0
SOUTH AMERICA,2020-02,407026.0
AFRICA,2020-03,15095.0
ASIA,2020-03,190016.0
CARIBBEAN,2020-03,48300.0
CENTRAL AMERICA,2020-03,33465.0
EASTERN EUROPE,2020-03,32972.0
WESTERN EUROPE,2020-03,325859.0
MIDDLE EAST,2020-03,22825.0
OCEANIA,2020-03,40667.0
SOUTH AMERICA,2020-03,160569.0
AFRICA,2020-04,357.0
ASIA,2020-04,5950.0
CARIBBEAN,2020-04,402.0
CENTRAL AMERICA,2020-04,239.0
EASTERN EUROPE,2020-04,555.0
WESTERN EUROPE,2020-04,4901.0
MIDDLE EAST,2020-04,410.0
OCEANIA,2020-04,826.0
SOUTH AMERICA,2020-04,1507.0
AFRICA,2020-05,498.0
ASIA,2020-05,8454.0
CARIBBEAN,2020-05,705.0
CENTRAL AMERICA,2020-05,548.0
EASTERN EUROPE,2020-05,983.0
WESTERN EUROPE,2020-05,3883.0
MIDDLE EAST,2020-05,836.0
OCEANIA,2020-05,794.0
SOUTH AMERICA,2020-05,4418.0
AFRICA,2020-06,794.0
ASIA,2020-06,14795.0
CARIBBEAN,2020-06,4373.0
CENTRAL AMERICA,2020-06,1134.0
EASTERN EUROPE,2020-06,1796.0
WESTERN EUROPE,2020-06,6780.0
MIDDLE EAST,2020-06,2726.0
OCEANIA,2020-06,1296.0
SOUTH AMERICA,2020-06,5761.0
AFRICA,2020-07,1543.0
ASIA,2020-07,22874.0
CARIBBEAN,2020-07,30333.0
CENTRAL AMERICA,2020-07,2749.0
EASTERN EUROPE,2020-07,4251.0
WESTERN EUROPE,2020-07,12277.0
MIDDLE EAST,2020-07,6704.0
OCEANIA,2020-07,1747.0
SOUTH AMERICA,2020-07,11907.0
AFRICA,2020-08,3042.0
ASIA,2020-08,43962.0
CARIBBEAN,2020-08,27144.0
CENTRAL AMERICA,2020-08,7746.0
EASTERN EUROPE,2020-08,8465.0
WESTERN EUROPE,2020-08,26353.0
MIDDLE EAST,2020-08,15746.0
OCEANIA,2020-08,2480.0
SOUTH AMERICA,2020-08,19608.0
AFRICA,2020-09,3870.0
ASIA,2020-09,34548.0
CARIBBEAN,2020-09,29234.0
CENTRAL AMERICA,2020-09,16183.0
EASTERN EUROPE,2020-09,8053.0
WESTERN EUROPE,2020-09,19278.0
MIDDLE EAST,2020-09,14332.0
OCEANIA,2020-09,1769.0
SOUTH AMERICA,2020-09,33908.0
AFRICA,2020-10,5025.0
ASIA,2020-10,35338.0
CARIBBEAN,2020-10,41459.0
CENTRAL AMERICA,2020-10,33537.0
EASTERN EUROPE,2020-10,8836.0
WESTERN EUROPE,2020-10,22888.0
MIDDLE EAST,2020-10,12462.0
OCEANIA,2020-10,1940.0
SOUTH AMERICA,2020-10,77070.0
AFRICA,2020-11,5339.0
ASIA,2020-11,36140.0
CARIBBEAN,2020-11,49512.0
CENTRAL AMERICA,2020-11,46078.0
EASTERN EUROPE,2020-11,7931.0
WESTERN EUROPE,2020-11,24147.0
MIDDLE EAST,2020-11,12719.0
OCEANIA,2020-11,2002.0
SOUTH AMERICA,2020-11,115917.0
AFRICA,2020-12,8766.0
ASIA,2020-12,53409.0
CARIBBEAN,2020-12,70827.0
CENTRAL AMERICA,2020-12,62209.0
EASTERN EUROPE,2020-12,12831.0
WESTERN EUROPE,2020-12,29687.0
MIDDLE EAST,2020-12,14451.0
OCEANIA,2020-12,2380.0
SOUTH AMERICA,2020-12,160443.0
AFRICA,2021-01,11073.0
ASIA,2021-01,81190.0
CARIBBEAN,2021-01,39570.0
CENTRAL AMERICA,2021-01,42670.0
EASTERN EUROPE,2021-01,13074.0
WESTERN EUROPE,2021-01,46692.0
MIDDLE EAST,2021-01,22515.0
OCEANIA,2021-01,2929.0
SOUTH AMERICA,2021-01,110004.0
AFRICA,2021-02,4811.0
ASIA,2021-02,42934.0
CARIBBEAN,2021-02,32172.0
CENTRAL AMERICA,2021-02,29959.0
EASTERN EUROPE,2021-02,8922.0
WESTERN EUROPE,2021-02,22320.0
MIDDLE EAST,2021-02,8651.0
OCEANIA,2021-02,1697.0
SOUTH AMERICA,2021-02,87059.0
AFRICA,2021-03,6119.0
ASIA,2021-03,51739.0
CARIBBEAN,2021-03,52862.0
CENTRAL AMERICA,2021-03,62798.0
EASTERN EUROPE,2021-03,12125.0
WESTERN EUROPE,2021-03,31259.0
MIDDLE EAST,2021-03,18683.0
OCEANIA,2021-03,2254.0
SOUTH AMERICA,2021-03,141984.0
AFRICA,2021-04,7626.0
ASIA,2021-04,61048.0
CARIBBEAN,2021-04,57877.0
CENTRAL AMERICA,2021-04,73920.0
EASTERN EUROPE,2021-04,14215.0
WESTERN EUROPE,2021-04,38165.0
MIDDLE EAST,2021-04,21750.0
OCEANIA,2021-04,2348.0
SOUTH AMERICA,2021-04,178658.0
AFRICA,2021-05,10008.0
ASIA,2021-05,49193.0
CARIBBEAN,2021-05,70884.0
CENTRAL AMERICA,2021-05,131574.0
EASTERN EUROPE,2021-05,16847.0
WESTERN EUROPE,2021-05,45564.0
MIDDLE EAST,2021-05,34193.0
OCEANIA,2021-05,2743.0
SOUTH AMERICA,2021-05,313908.0
AFRICA,2021-06,11067.0
ASIA,2021-06,60706.0
CARIBBEAN,2021-06,84953.0
CENTRAL AMERICA,2021-06,144917.0
EASTERN EUROPE,2021-06,19308.0
WESTERN EUROPE,2021-06,52787.0
MIDDLE EAST,2021-06,46453.0
OCEANIA,2021-06,3442.0
SOUTH AMERICA,2021-06,362567.0
AFRICA,2021-07,18056.0
ASIA,2021-07,94689.0
CARIBBEAN,2021-07,122277.0
CENTRAL AMERICA,2021-07,132057.0
EASTERN EUROPE,2021-07,23396.0
WESTERN EUROPE,2021-07,80740.0
MIDDLE EAST,2021-07,68387.0
OCEANIA,2021-07,4023.0
SOUTH AMERICA,2021-07,320614.0
AFRICA,2021-08,25415.0
ASIA,2021-08,262209.0
CARIBBEAN,2021-08,110585.0
CENTRAL AMERICA,2021-08,92091.0
EASTERN EUROPE,2021-08,25728.0
WESTERN EUROPE,2021-08,107643.0
MIDDLE EAST,2021-08,70200.0
OCEANIA,2021-08,5421.0
SOUTH AMERICA,2021-08,264052.0
AFRICA,2021-09,15313.0
ASIA,2021-09,119157.0
CARIBBEAN,2021-09,83258.0
CENTRAL AMERICA,2021-09,91156.0
EASTERN EUROPE,2021-09,22674.0
WESTERN EUROPE,2021-09,78287.0
MIDDLE EAST,2021-09,61687.0
OCEANIA,2021-09,3643.0
SOUTH AMERICA,2021-09,239822.0
AFRICA,2021-10,12466.0
ASIA,2021-10,86521.0
CARIBBEAN,2021-10,100802.0
CENTRAL AMERICA,2021-10,114304.0
EASTERN EUROPE,2021-10,26365.0
WESTERN EUROPE,2021-10,85181.0
MIDDLE EAST,2021-10,50800.0
OCEANIA,2021-10,4274.0
SOUTH AMERICA,2021-10,293937.0
AFRICA,2021-11,14621.0
ASIA,2021-11,162969.0
CARIBBEAN,2021-11,96416.0
CENTRAL AMERICA,2021-11,114432.0
EASTERN EUROPE,2021-11,34361.0
WESTERN EUROPE,2021-11,467123.0
MIDDLE EAST,2021-11,53028.0
OCEANIA,2021-11,10155.0
SOUTH AMERICA,2021-11,299938.0
AFRICA,2021-12,17266.0
ASIA,2021-12,217013.0
CARIBBEAN,2021-12,138525.0
CENTRAL AMERICA,2021-12,150829.0
EASTERN EUROPE,2021-12,46932.0
WESTERN EUROPE,2021-12,641872.0
MIDDLE EAST,2021-12,56432.0
OCEANIA,2021-12,24467.0
SOUTH AMERICA,2021-12,406312.0
AFRICA,2022-1,17428.0
ASIA,2022-1,169559.0
CARIBBEAN,2022-1,58620.0
CENTRAL AMERICA,2022-1,79970.0
EASTERN EUROPE,2022-1,34957.0
WESTERN EUROPE,2022-1,322491.0
MIDDLE EAST,2022-1,46658.0
OCEANIA,2022-1,20377.0
SOUTH AMERICA,2022-1,260275.0
AFRICA,"2022-2
final as available",12068.0
ASIA,"2022-2
final as available",112253.0
CARIBBEAN,"2022-2
final as available",65662.0
CENTRAL AMERICA,"2022-2
final as available",73424.0
EASTERN EUROPE,"2022-2
final as available",30695.0
WESTERN EUROPE,"2022-2
final as available",429568.0
MIDDLE EAST,"2022-2
final as available",34902.0
OCEANIA,"2022-2
final as available",18687.0
SOUTH AMERICA,"2022-2
final as available",270210.0
AFRICA,"2022-3
preliminary as available",18604.0
ASIA,"2022-3
preliminary as available",173645.0
CARIBBEAN,"2022-3
preliminary as available",78814.0
CENTRAL AMERICA,"2022-3
preliminary as available",74177.0
EASTERN EUROPE,"2022-3
preliminary as available",46670.0
WESTERN EUROPE,"2022-3
preliminary as available",610520.0
MIDDLE EAST,"2022-3
preliminary as available",52948.0
OCEANIA,"2022-3
preliminary as available",31923.0
SOUTH AMERICA,"2022-3
preliminary as available",292465.0
